{
	"Individual Producer": [
{"Question" : "Duration in urban farming"},
{"Question" : "Amount of land / space available for the activity(sqft)"},
{"Question" : "Number of mushroom gardens"},
{"Question" : "Number of receptacle gardens"},
{"Question" : "For what purpose are you involved in farming "},
{"Question" : "What are the Production technologies used "},
{"Question" : "Any challenges experienced during farm production(RANKED 1)"},
{"Question" : "How much do you consume per week?(Bundles)"},
{"Question" : "How much do you consume per week?(kgs)"},
{"Question" : "Who are your most important suppliers(RANKED 1)"},
{"Question" : "What are your major needs in the area of cost(RANKED 1)"},
{"Question" : "What are your major needs in the area of quality(RANKED 1)"},
{"Question" : "What are your major needs in the area of input availability(RANKED 1)"},
{"Question" : "What are your water for production sources"},
{"Question" : "Who offers technical support to your enterprise?"},
{"Question" : "What standards requirements do your products need to conform to"},
{"Question" : "Where do you get financial assistance for your business?"},
{"Question" : "Do you add value to your products"},
{"Question" : "How do you add value"},
{"Question" : "Where do you sell your products"},
{"Question" : "Whom do you supply in the local market"},
{"Question" : "What do you see as your main needs in accessing markets(RANKED 1)"},
{"Question" : "To whom do you sell your produce"},
{"Question" : "What is the unit price for this other(Ug shillings)"},
{"Question" : "How do you promote your product (Improving demand)?"},
{"Question" : "Who are your major competitors(RANKED 1)"}
],
	"Processor": [
{"Question" : "Duration in urban farming"},
{"Question" : "Amount of land / space available for the activity(sqft)"},
{"Question" : "Number of mushroom gardens"},
{"Question" : "Number of receptacle gardens"},
{"Question" : "For what purpose are you involved in farming "},
{"Question" : "What are the Production technologies used "},
{"Question" : "Any challenges experienced during farm production(RANKED 1)"},
{"Question" : "How much do you consume per week?(Bundles)"},
{"Question" : "How much do you consume per week?(kgs)"},
{"Question" : "Who are your most important suppliers(RANKED 1)"},
{"Question" : "What are your major needs in the area of cost(RANKED 1)"},
{"Question" : "What are your major needs in the area of quality(RANKED 1)"},
{"Question" : "What are your major needs in the area of input availability(RANKED 1)"},
{"Question" : "What are your water for production sources"},
{"Question" : "Who offers technical support to your enterprise?"},
{"Question" : "What standards requirements do your products need to conform to"},
{"Question" : "Where do you get financial assistance for your business?"},
{"Question" : "Do you add value to your products"},
{"Question" : "How do you add value"},
{"Question" : "Where do you sell your products"},
{"Question" : "Whom do you supply in the local market"},
{"Question" : "What do you see as your main needs in accessing markets(RANKED 1)"},
{"Question" : "To whom do you sell your produce"},
{"Question" : "What is the unit price for this other(Ug shillings)"},
{"Question" : "How do you promote your product (Improving demand)?"},
{"Question" : "Who are your major competitors(RANKED 1)"}
],
	"Processor": [
{"Question" : "Duration in urban farming"},
{"Question" : "Amount of land / space available for the activity(sqft)"},
{"Question" : "Number of mushroom gardens"},
{"Question" : "Number of receptacle gardens"},
{"Question" : "For what purpose are you involved in farming "},
{"Question" : "What are the Production technologies used "},
{"Question" : "Any challenges experienced during farm production(RANKED 1)"},
{"Question" : "How much do you consume per week?(Bundles)"},
{"Question" : "How much do you consume per week?(kgs)"},
{"Question" : "Who are your most important suppliers(RANKED 1)"},
{"Question" : "What are your major needs in the area of cost(RANKED 1)"},
{"Question" : "What are your major needs in the area of quality(RANKED 1)"},
{"Question" : "What are your major needs in the area of input availability(RANKED 1)"},
{"Question" : "What are your water for production sources"},
{"Question" : "Who offers technical support to your enterprise?"},
{"Question" : "What standards requirements do your products need to conform to"},
{"Question" : "Where do you get financial assistance for your business?"},
{"Question" : "Do you add value to your products"},
{"Question" : "How do you add value"},
{"Question" : "Where do you sell your products"},
{"Question" : "Whom do you supply in the local market"},
{"Question" : "What do you see as your main needs in accessing markets(RANKED 1)"},
{"Question" : "To whom do you sell your produce"},
{"Question" : "What is the unit price for this other(Ug shillings)"},
{"Question" : "How do you promote your product (Improving demand)?"},
{"Question" : "Who are your major competitors(RANKED 1)"}
],

}