{
	"QuestionsList": [
		{"Question" : "Gender"},
{"Question" : "Age group"},
{"Question" : "Level of education"},
{"Question" : "Name of organisation/institution"},
{"Question" : "Do you have a position in the institution"},
{"Question" : "Position"},
{"Question" : "Principle enterprise"},
{"Question" : "How best can we describe you in the value chain"},
{"Question" : "What focus group does he or she belong to"},
{"Question" : "Duration in urban farming"},
{"Question" : "Membership to any farmer group"},
{"Question" : "Name of group"},
{"Question" : "Ownership of farming space"},
{"Question" : "Amount of land / space available for the activity(sqft)"},
{"Question" : "Number of mushroom gardens"},
{"Question" : "Number of receptacle gardens"},
{"Question" : "For what purpose are you involved in farming "},
{"Question" : "Other purpose"},
{"Question" : "What are the Production technologies used "},
{"Question" : "Other production technology mushroom"},
{"Question" : "What are the Production technologies used "},
{"Question" : "Any seasonality production changes?"},
{"Question" : "What was the change"},
{"Question" : "Other change"},
{"Question" : "Any challenges experienced during farm production(RANKED 1)"},
{"Question" : "Other farm production challenge"},
{"Question" : "Any challenges experienced during farm production(RANKED 2)"},
{"Question" : "Other farm production challenge 2"},
{"Question" : "Any challenges experienced during farm production(RANKED 3)"},
{"Question" : "Other farm production challenge 3"},
{"Question" : "How much do you consume per week?(Bundles)"},
{"Question" : "How much do you consume per week?(kgs)"},
{"Question" : "Who are your most important suppliers(RANKED 1)"},
{"Question" : "Other supplier 1"},
{"Question" : "Who are your most important suppliers(RANKED 2)"},
{"Question" : "Other supplier 2"},
{"Question" : "Who are your most important suppliers(RANKED 3)"},
{"Question" : "Other supplier 3"},
{"Question" : "What are your major needs in the area of cost(RANKED 1)"},
{"Question" : "Other"},
{"Question" : "What are your major needs in the area of cost(RANKED 2)"},
{"Question" : "Other cost 2"},
{"Question" : "What are your major needs in the area of cost(RANKED 3)"},
{"Question" : "Other cost 3"},
{"Question" : "What are your major needs in the area of quality(RANKED 1)"},
{"Question" : "Other quality 1"},
{"Question" : "What are your major needs in the area of quality(RANKED 2)"},
{"Question" : "Other quality 2"},
{"Question" : "What are your major needs in the area of quality(RANKED 3)"},
{"Question" : "Other input 3"},
{"Question" : "What are your major needs in the area of input availability(RANKED 1)"},
{"Question" : "Other input 1"},
{"Question" : "What are your major needs in the area of input availability(RANKED 2)"},
{"Question" : "Other input 2"},
{"Question" : "What are your major needs in the area of input availability(RANKED 3)"},
{"Question" : "Other input 3"},
{"Question" : "What are your water for production sources"},
{"Question" : "Other water source"},
{"Question" : "How much water do you need for production per month(Litres)"},
{"Question" : "Who offers technical support to your enterprise?"},
{"Question" : "Other support"},
{"Question" : "Are you satisfied with the services offered? "},
{"Question" : "How would you like the services to be improved?"},
{"Question" : "What standards requirements do your products need to conform to"},
{"Question" : "Other standard requirements"},
{"Question" : "Who sets these standards"},
{"Question" : "Other group"},
{"Question" : "Who helps you conform to these standards"},
{"Question" : "Other group 2"},
{"Question" : "Do you have any challenges conforming to these standards"},
{"Question" : "What are those challenges"},
{"Question" : "Where do you get financial assistance for your business?"},
{"Question" : "Other financial assisters"},
{"Question" : "Is your enterprise represented by a business Association?"},
{"Question" : "Are you a member"},
{"Question" : "What are the primary functions and benefits of this Association"},
{"Question" : "What additional services should they provide"},
{"Question" : "Do you add value to your products"},
{"Question" : "How do you add value"},
{"Question" : "Other value addition method"},
{"Question" : "What are your products"},
{"Question" : "Other products"},
{"Question" : "At what price do you sell your dried products per kilo"},
{"Question" : "At what price do you sell your powder/flour products per kilo"},
{"Question" : "At what price do you sell your juices per litre"},
{"Question" : "At what price do you sell your wines per litre"},
{"Question" : "At what price do you sell your other product"},
{"Question" : "Where do you sell your products"},
{"Question" : "Whom do you supply in the local market"},
{"Question" : "Others supplied in the local market"},
{"Question" : "What are the challenges you are experiencing in processing(RANKING 1)"},
{"Question" : "Other processing challenge 1"},
{"Question" : "What are the challenges you are experiencing in processing(RANKING 2)"},
{"Question" : "Other processing challenge 2"},
{"Question" : "What are the challenges you are experiencing in processing(RANKING 3)"},
{"Question" : "Other processing challenge 3"},
{"Question" : "What can be done to improve your processing"},
{"Question" : "Do you face post harvest losses"},
{"Question" : "How do you handle the losses"},
{"Question" : "Other ways "},
{"Question" : "What do you see as your main needs in accessing markets(RANKED 1)"},
{"Question" : "Other accessing market needs"},
{"Question" : "What do you see as your main needs in accessing markets(RANKED 2)"},
{"Question" : "Other accessing market needs 2"},
{"Question" : "What do you see as your main needs in accessing markets(RANKED 3)"},
{"Question" : "Other accessing market needs 3"},
{"Question" : "To whom do you sell your produce"},
{"Question" : "Others sold to "},
{"Question" : "What is the unit price for this other(Ug shillings)"},
{"Question" : "What is the unit price for direct farm gate sales(Ug shillings)"},
{"Question" : "Middle man's name"},
{"Question" : "Middle man's contact(256)"},
{"Question" : "What is the unit price for middlemen"},
{"Question" : "Traditional market name"},
{"Question" : "What is the unit price for traditional market"},
{"Question" : "Supermarket name"},
{"Question" : "What is the unit price for supermarkets"},
{"Question" : "School name"},
{"Question" : "What is the unit price for schools "},
{"Question" : "How do you promote your product (Improving demand)?"},
{"Question" : "Other product promotion techniques"},
{"Question" : "Who are your major competitors(RANKED 1)"},
{"Question" : "Other competitors"},
{"Question" : "Who are your major competitors(RANKED 2)"},
{"Question" : "Other competitors 2"},
{"Question" : "Who are your major competitors(RANKED 3)"},
{"Question" : "Other competitors 3"},
{"Question" : "How do you intend to grow the market of your product"},
{"Question" : "Other market growth techniques"},
{"Question" : "Do you have storage facilities"},
{"Question" : "What is its capacity(Meters cubed)"},
{"Question" : "What capacity would you need(Meters cubed)"},
{"Question" : "How do you dispose of your agricultural waste"},
{"Question" : "other disposal"},
{"Question" : "Do you Know of any Government / KCCA regulations governing Agriculture in the City?"},
{"Question" : "What Government / KCCA Regulations benefit your business?"},
{"Question" : "Other regulations"},
{"Question" : "What Government /KCCA Regulations are obstacles to growing your business?  "}
]
}