[
		{"Question" : "Gender"},
{"pricipleEnterpises" : "Leafy Vegetables", "Input Suppliers" : "0", "Value Added" : "Seeds, Seedling, Top soil, Pesticides, Fertilisers" },
{"pricipleEnterpises" : "Leafy Vegetables", "Producer" : "500", "Value Added" : "Production, Harvesting, Cleaning and sorting, Packaging"},
{"pricipleEnterpises" : "Leafy Vegetables", "Trader [Retail]" : "500", "Value Added" : "Bulking, Transportation, Sorting and re‐packaging"},
{"pricipleEnterpises" : "Leafy Vegetables", "Trader [Restaurant]" : "2000", "Value Added" : "Re‐packaging, Branding, Cooling, Preparing mushrooms in different meals"},
{"pricipleEnterpises" : "Leafy Vegetables", "Consumer" : "0", "Value Added" : "Re‐packaging, Preparing vegetables in different recipes"},
{"pricipleEnterpises" : "Mushrooms", "Input Suppliers" : "0", "Value Added" : "Producing ready‐made mushroom gardens, " },
{"pricipleEnterpises" : "Mushrooms", "Producer" : "500", "Value Added" : "Production, Harvesting, Cleaning and sorting, Packaging"},
{"pricipleEnterpises" : "Mushrooms", "Trader [Retail]/Trader [Restaurant]" : "500", "Value Added" : "Bulking, Transportation, Sorting and re‐packaging"},
{"pricipleEnterpises" : "Mushrooms", "Consumer" : "0", "Value Added" : "Re‐packaging, Preparing vegetables in different recipes"}
]
